theme_id,bloc_programme,status
mesure-incertitudes,mesure-incertitudes-bloc-001,couvert
mesure-incertitudes,mesure-incertitudes-bloc-002,couvert
mesure-incertitudes,mesure-incertitudes-bloc-003,couvert
mesure-incertitudes,mesure-incertitudes-bloc-004,couvert
constitution-matiere,constitution-matiere-bloc-001,couvert
constitution-matiere,constitution-matiere-bloc-002,couvert
constitution-matiere,constitution-matiere-bloc-003,couvert
constitution-matiere,constitution-matiere-bloc-004,couvert
constitution-matiere,constitution-matiere-bloc-005,couvert
constitution-matiere,constitution-matiere-bloc-006,couvert
constitution-matiere,constitution-matiere-bloc-007,couvert
constitution-matiere,constitution-matiere-bloc-008,couvert
constitution-matiere,constitution-matiere-bloc-009,couvert
constitution-matiere,constitution-matiere-bloc-010,couvert
constitution-matiere,constitution-matiere-bloc-011,couvert
constitution-matiere,constitution-matiere-bloc-012,couvert
constitution-matiere,constitution-matiere-bloc-013,couvert
constitution-matiere,constitution-matiere-bloc-014,couvert
constitution-matiere,constitution-matiere-bloc-015,couvert
mouvement-interactions,mouvement-interactions-bloc-001,couvert
mouvement-interactions,mouvement-interactions-bloc-002,couvert
mouvement-interactions,mouvement-interactions-bloc-003,couvert
mouvement-interactions,mouvement-interactions-bloc-004,couvert
mouvement-interactions,mouvement-interactions-bloc-005,couvert
mouvement-interactions,mouvement-interactions-bloc-006,couvert
mouvement-interactions,mouvement-interactions-bloc-007,couvert
energie-conversions,energie-conversions-bloc-001,couvert
energie-conversions,energie-conversions-bloc-002,couvert
energie-conversions,energie-conversions-bloc-003,couvert
energie-conversions,energie-conversions-bloc-004,couvert
energie-conversions,energie-conversions-bloc-005,couvert
energie-conversions,energie-conversions-bloc-006,couvert
energie-conversions,energie-conversions-bloc-007,couvert
energie-conversions,energie-conversions-bloc-008,couvert
ondes-signaux,ondes-signaux-bloc-001,couvert
ondes-signaux,ondes-signaux-bloc-002,couvert
ondes-signaux,ondes-signaux-bloc-003,couvert
ondes-signaux,ondes-signaux-bloc-004,couvert
ondes-signaux,ondes-signaux-bloc-005,couvert
ondes-signaux,ondes-signaux-bloc-006,couvert
ondes-signaux,ondes-signaux-bloc-007,couvert
ondes-signaux,ondes-signaux-bloc-008,couvert
ondes-signaux,ondes-signaux-bloc-009,couvert
